author,arcurl,duration,description,play,danmaku
黑大帅的潇洒哥_,http://www.bilibili.com/video/av596267345,2:38,"封面：小红书：周小仙yoo
BGM：小宇",2099979,6511
一只小阿白QAQ,http://www.bilibili.com/video/av784334159,1:26,-,50652,4
冬天锅锅,http://www.bilibili.com/video/av860806167,6:21,,656206,39
六月季夏echo,http://www.bilibili.com/video/av930615934,2:55,工具:不咕剪辑  BGM稻香,4909701,6914
蛋酱是我,http://www.bilibili.com/video/av385246354,15:1,日本人真是太会玩了，美女挑战在震动座椅上打电话.,1329147,2850
影蜜电影,http://www.bilibili.com/video/av946495864,1:46,-,702880,80
on9菌,http://www.bilibili.com/video/av672529852,7:14,"点赞过一万 马上搞第二期
圣诞综艺特辑——这谁顶得住啊？！
参考：Hi-teenager
编导：女开
剪辑:@肚腩凸
嘉宾：一直丸",5377053,6152
清清苦酒,http://www.bilibili.com/video/av953310879,1:48,"本系列共两期，这是最后一期，免费图包获取方法：私信回复关键词   学妹  
喜欢苦酒的视频，记得三连，关注不迷路，你的支持是我创作的动力！
如果私信没了，那就是视频太久远啦，关键词规则数限制
粉丝穷，看我b站个人资料，穷里公告栏有所有的免费视频图包",20113,6
爱沉默在深秋,http://www.bilibili.com/video/av860261930,1:19,,2304594,160
曲阜嘉晟,http://www.bilibili.com/video/av486676472,0:10,-,39324,13
正能量影视66,http://www.bilibili.com/video/av656962682,4:35,-,59986,335
tutudiy,http://www.bilibili.com/video/av911830096,3:4,,651169,888
小飞棍来喽-__-,http://www.bilibili.com/video/av444630423,55:31,-,371,0
二二吖0,http://www.bilibili.com/video/av869721567,0:15,-,1395,0
旧梦离城,http://www.bilibili.com/video/av632185734,2:1,bgm：7710,2176945,2300
-喵小汐-,http://www.bilibili.com/video/av988433491,1:30,-,526608,97
小小卢曦,http://www.bilibili.com/video/av996649542,2:14,-,44367,8
麻烦请叫我湿姐,http://www.bilibili.com/video/av784678060,2:13,-,307,0
颜值会馆,http://www.bilibili.com/video/av614713834,0:19,-,21,0
BRTV新闻,http://www.bilibili.com/video/av76055775,1:37,河南的刘女士对自己的身体不太满意，在一家整形机构做了隆胸。手术费用高达7万7千元，整形机构承诺可以将胸部做到大C。但在刘女士手术后20天的时候，感觉到胸部有点不对劲：每当刘女士抬起胳膊，其胸部会明显的凹进去，一分为二，变成了“三个胸”……但医院的负责人说却说手术没有问题，可能是因为刘女士从事别的工作导致的！,7153090,7445
奔跑的小狮子007,http://www.bilibili.com/video/av314051796,5:57,,79628,155
蜜蜂boy1,http://www.bilibili.com/video/av395947736,4:14,泳池边的美女们，景美人更美哦！！！,252093,276
可爱猫沫沫,http://www.bilibili.com/video/av827090465,0:16,-,41642,212
颜值会馆,http://www.bilibili.com/video/av314256178,0:55,-,13237,1
清清苦酒,http://www.bilibili.com/video/av740506563,1:54,"这不值得三连嘛，小手动起来，UP饿死了你们没得看了，完犊子喽
燃起来吧！酒子们！
三连三连三连，私信回复我：竖屏裹胸古风
如果私信没了，那就是视频太久远啦，关键词规则数限制
粉丝穷，看我b站个人资料，穷里公告栏有所有的免费视频图包",37797,9
清清苦酒,http://www.bilibili.com/video/av570793680,1:43,"本系列共两期，喜欢苦酒的视频，就先三连，关注不迷路，免费图包放在下期，感谢支持！
你的支持是我创作的动力！
如果私信没了，那就是视频太久远啦，关键词规则数限制
粉丝穷，看我b站个人资料，穷里公告栏有所有的免费视频图包",101001,38
芋头崽崽i,http://www.bilibili.com/video/av654525209,15:59,-,269449,149
baodao8888,http://www.bilibili.com/video/av399562535,1:53,禁止转载！！！违者必究！！！,42414,49
洛丽塔大哥lolita,http://www.bilibili.com/video/av908080694,2:17,-,497966,417
-哪天与你邂逅的薇薇,http://www.bilibili.com/video/av996538124,1:11,,53544,107
噗通漫画,http://www.bilibili.com/video/av487243507,8:50,男人被大欧派美少女追杀，关键时刻只能献出身子满足变态美女的欲望,235,0
账号已注销,http://www.bilibili.com/video/av985511877,2:17,"BGM：终结孤单 - 五月天
BV1kY4y1M7Pz",757368,231
每天都想吃小鱼干,http://www.bilibili.com/video/av910548636,1:39,"不愧是很多博主都在穿的超短裤！立刻买了同款 真的太好看了555 超级显腿长 美女们可以尝试一下(•ૢ⚈͒⌄⚈͒•ૢ)我是为了录视频才穿的这个短上衣（但真的太短了！！不会再穿了）平时都是穿正常的短袖配这个短裤 一整个辣住了！谁懂！
之前一直get不到这个舞蹈 直到看到了白小白老师的翻跳啊啊啊啊啊那个感觉一下子就来了 又俏皮又性感又自信的感觉 所以俺就翻跳了！！（真的很喜欢白小白老师的翻跳 很多舞蹈都是看他的视频扒的～
ps：别问啦 有一些打码是因为感觉走光了或者是我觉得不太舒服的地方～希望大家理解",2179707,1456
守护郭继尧和刘健,http://www.bilibili.com/video/av572202164,0:14,-,74,0
ThuongThuong直屬,http://www.bilibili.com/video/av996936291,28:4,,16223,130
10颗牙,http://www.bilibili.com/video/av699684438,1:0,,1246,1
那夜樱花树下,http://www.bilibili.com/video/av611827264,2:10,,187571,332
嘉树三岁啦us35,http://www.bilibili.com/video/av525810222,8:57,看着就离谱的瞬间，美女神操作，让场面一度尴尬 (1),516121,207
悠悠不缁,http://www.bilibili.com/video/av271413863,4:50,-,69214,29
夜半无人丝,http://www.bilibili.com/video/av826979648,1:29,-,26499,6
海参崴的秘密,http://www.bilibili.com/video/av229653020,0:15,-,98,0
花美小西子,http://www.bilibili.com/video/av610380332,5:7,-,449181,270
软软ya,http://www.bilibili.com/video/av655241674,0:12,-,541,0
tutudiy,http://www.bilibili.com/video/av399110178,3:2,,110647,178
Luffysamer,http://www.bilibili.com/video/av486908260,1:12,街拍 重庆 人来人往非常热闹，美女如云，个个貌美如花，青春靓丽,76959,86
悦乐剪辑,http://www.bilibili.com/video/av442596569,2:28,-,298342,123
看遍冷暖人生,http://www.bilibili.com/video/av783215409,4:17,美女尝鲜趴趴墙游戏，导致下体撕裂被缝14针，哭诉：上厕所都疼,162373,48
冬晟电影,http://www.bilibili.com/video/av356711628,1:35,-,77627,22
珍妮老师呀,http://www.bilibili.com/video/av527811968,0:11,-,147624,24
颜值预报圆,http://www.bilibili.com/video/av228578062,0:12,-,119446,7
落日君的故事,http://www.bilibili.com/video/av692919191,5:4,美女和丑女做相同事情，路人会有不同反应吗？最后一个测试也太狗了吧,3024771,4916
灯暗酒红,http://www.bilibili.com/video/av699126442,5:21,艾秋座右铭：活着本身就不是一件容易的事。隐藏自己22年，凡事不要对不起别人，更不要对不起自己。,71112,67
angel-AA,http://www.bilibili.com/video/av869233576,0:16,-,80926,2
刘昔昔昔,http://www.bilibili.com/video/av784108396,1:8,-,1967189,1213
橘子吃了没,http://www.bilibili.com/video/av556377273,0:18,-,1813210,683
最人物纪账号,http://www.bilibili.com/video/av486138115,10:33,坐在头等舱休息室里享用免费的自助餐，拍卖会上有人殷勤地端茶倒水帮拍照，轻而易举地免费要到奢侈品店日常出售的手提袋……一位年轻貌美的女生画着精致的妆容，全身都是“名牌”，每天自由进出各大高档场所……看到这样一个形象，相信大多数人的第一反应都会认为这人肯定非富即贵。但现实情况不然，这是中央美术学院毕业生邹雅琦假扮“名媛”的21天生活纪实，她用亲身经历揭开了社会与人性的另一面。本期最人物纪就带您走进邹雅琦的“名媛”生活。,1370577,131
善亮士天,http://www.bilibili.com/video/av685051807,2:14,,1000167,7
神烦说电影,http://www.bilibili.com/video/av698926824,1:44,为艺术献身的女星——孙安可 实在是太美 国产2021年高颜值惊悚精彩电影,178543,13
颜值爆表啦,http://www.bilibili.com/video/av848292664,1:41,"bgm：如果成为你
小姐姐叫高文君，98年安徽人，香港大学土木工程和人力资源管理双学位。重点来了，她还是去年亚洲小姐季军！这颜值和笑容真的绝了啊～
审核大大求推荐！",1761841,2005
一只树奈奈啊,http://www.bilibili.com/video/av214820306,3:21,-,3747874,6068
南柯一影-怀三,http://www.bilibili.com/video/av778407053,9:18,电影解说《与我跳舞》,116592,150
嗨森带你涨见识,http://www.bilibili.com/video/av267380465,4:2,认识了一个比利时美女，她居然会说中文！（第一集）,335014,293
收手机的凯莉,http://www.bilibili.com/video/av272225051,1:40,-,1097,0
孤单棉被,http://www.bilibili.com/video/av82850005,0:28,"微博
可以的话点个赞⑧_(:з」∠)_",5423424,976
国外赐福中单,http://www.bilibili.com/video/av826441158,2:6,-,56568,27
你人还怪好的捏-,http://www.bilibili.com/video/av997072679,3:41,-,69177,37
溟雨小朋友,http://www.bilibili.com/video/av739707745,0:17,-,478900,30
独居灵芊芊,http://www.bilibili.com/video/av699680875,1:11,-,1180,0
tutudiy,http://www.bilibili.com/video/av698657734,3:55,,296346,592
猫厂的梦人,http://www.bilibili.com/video/av954394649,1:12,"图片发布者：As D
BGM：无人可及

我用夸克网盘分享了「0604_1长发美女.rar1」，点击链接即可保存。
链接：https://pan.quark.cn/s/6c39f0c67c18
百度链接：https://pan.baidu.com/s/1Z6NyMLpMxR31t_J47xL4mw 
提取码：i7fu
解压密码：长发美女
两次解压密码都是一样的！提示密码错误的是解压软件问题！！！",19949,4
海外有点料,http://www.bilibili.com/video/av650487074,5:59,,351907,241
欢乐多er,http://www.bilibili.com/video/av526990455,9:38,这期是来自德国的小仙女，土耳其混血美女和俄罗斯的美女嗷！,1986300,2654
tutudiy,http://www.bilibili.com/video/av741109292,3:33,,161099,277
鸭漫漫,http://www.bilibili.com/video/av657226014,15:25,《偶像师兄》,1128,0
啊飞动漫社_收徒中,http://www.bilibili.com/video/av989449564,50:6,-,531505,1370
糖糖糖小鸣,http://www.bilibili.com/video/av603192240,1:12,-,1301270,108
一条冷知识,http://www.bilibili.com/video/av995836150,0:37,,218953,16
CEO网红,http://www.bilibili.com/video/av356731564,1:5,-,172932,197
林思彤77,http://www.bilibili.com/video/av296592203,0:30,-,5533778,1969
酒醉思红衣,http://www.bilibili.com/video/av612967057,3:5,,133133,163
春藏愚,http://www.bilibili.com/video/av294112783,1:42,"BGM：溯

素材来源：《阿黛尔·雨果的故事》

哎呀呀 大美人演的这部电影最后结局是真的惨 但她也是真的美

谁能拒绝这么漂亮的美人啊",1468822,1173
看姑姑的课,http://www.bilibili.com/video/av656272770,1:11,-,208178,386
tutudiy,http://www.bilibili.com/video/av483602909,2:30,,305005,343
账号已注销,http://www.bilibili.com/video/av481112205,1:44,-,17383,2
leggings氮泵,http://www.bilibili.com/video/av996752203,7:0,儿童节快乐,39406,37
软软ya,http://www.bilibili.com/video/av655241674,0:12,-,541,0
tutudiy,http://www.bilibili.com/video/av399110178,3:2,,110647,178
Luffysamer,http://www.bilibili.com/video/av486908260,1:12,街拍 重庆 人来人往非常热闹，美女如云，个个貌美如花，青春靓丽,76959,86
悦乐剪辑,http://www.bilibili.com/video/av442596569,2:28,-,298342,123
看遍冷暖人生,http://www.bilibili.com/video/av783215409,4:17,美女尝鲜趴趴墙游戏，导致下体撕裂被缝14针，哭诉：上厕所都疼,162373,48
冬晟电影,http://www.bilibili.com/video/av356711628,1:35,-,77627,22
珍妮老师呀,http://www.bilibili.com/video/av527811968,0:11,-,147624,24
颜值预报圆,http://www.bilibili.com/video/av228578062,0:12,-,119446,7
颜值爆表啦,http://www.bilibili.com/video/av848292664,1:41,"bgm：如果成为你
小姐姐叫高文君，98年安徽人，香港大学土木工程和人力资源管理双学位。重点来了，她还是去年亚洲小姐季军！这颜值和笑容真的绝了啊～
审核大大求推荐！",1761841,2005
落日君的故事,http://www.bilibili.com/video/av692919191,5:4,美女和丑女做相同事情，路人会有不同反应吗？最后一个测试也太狗了吧,3024771,4916
灯暗酒红,http://www.bilibili.com/video/av699126442,5:21,艾秋座右铭：活着本身就不是一件容易的事。隐藏自己22年，凡事不要对不起别人，更不要对不起自己。,71112,67
嗨森带你涨见识,http://www.bilibili.com/video/av267380465,4:2,认识了一个比利时美女，她居然会说中文！（第一集）,335014,293
angel-AA,http://www.bilibili.com/video/av869233576,0:16,-,80926,2
刘昔昔昔,http://www.bilibili.com/video/av784108396,1:8,-,1967189,1213
橘子吃了没,http://www.bilibili.com/video/av556377273,0:18,-,1813210,683
收手机的凯莉,http://www.bilibili.com/video/av272225051,1:40,-,1097,0
最人物纪账号,http://www.bilibili.com/video/av486138115,10:33,坐在头等舱休息室里享用免费的自助餐，拍卖会上有人殷勤地端茶倒水帮拍照，轻而易举地免费要到奢侈品店日常出售的手提袋……一位年轻貌美的女生画着精致的妆容，全身都是“名牌”，每天自由进出各大高档场所……看到这样一个形象，相信大多数人的第一反应都会认为这人肯定非富即贵。但现实情况不然，这是中央美术学院毕业生邹雅琦假扮“名媛”的21天生活纪实，她用亲身经历揭开了社会与人性的另一面。本期最人物纪就带您走进邹雅琦的“名媛”生活。,1370577,131
善亮士天,http://www.bilibili.com/video/av685051807,2:14,,1000167,7
神烦说电影,http://www.bilibili.com/video/av698926824,1:44,为艺术献身的女星——孙安可 实在是太美 国产2021年高颜值惊悚精彩电影,178543,13
一只树奈奈啊,http://www.bilibili.com/video/av214820306,3:21,-,3747874,6068
南柯一影-怀三,http://www.bilibili.com/video/av778407053,9:18,电影解说《与我跳舞》,116592,150
tutudiy,http://www.bilibili.com/video/av741109292,3:33,,161099,277
孤单棉被,http://www.bilibili.com/video/av82850005,0:28,"微博
可以的话点个赞⑧_(:з」∠)_",5423424,976
国外赐福中单,http://www.bilibili.com/video/av826441158,2:6,-,56568,27
独居灵芊芊,http://www.bilibili.com/video/av699680875,1:11,-,1180,0
tutudiy,http://www.bilibili.com/video/av698657734,3:55,,296346,592
溟雨小朋友,http://www.bilibili.com/video/av739707745,0:17,-,478900,30
猫厂的梦人,http://www.bilibili.com/video/av954394649,1:12,"图片发布者：As D
BGM：无人可及

我用夸克网盘分享了「0604_1长发美女.rar1」，点击链接即可保存。
链接：https://pan.quark.cn/s/6c39f0c67c18
百度链接：https://pan.baidu.com/s/1Z6NyMLpMxR31t_J47xL4mw 
提取码：i7fu
解压密码：长发美女
两次解压密码都是一样的！提示密码错误的是解压软件问题！！！",19949,4
海外有点料,http://www.bilibili.com/video/av650487074,5:59,,351907,241
欢乐多er,http://www.bilibili.com/video/av526990455,9:38,这期是来自德国的小仙女，土耳其混血美女和俄罗斯的美女嗷！,1986300,2654
鸭漫漫,http://www.bilibili.com/video/av657226014,15:25,《偶像师兄》,1128,0
啊飞动漫社_收徒中,http://www.bilibili.com/video/av989449564,50:6,-,531505,1370
一条冷知识,http://www.bilibili.com/video/av995836150,0:37,,218953,16
CEO网红,http://www.bilibili.com/video/av356731564,1:5,-,172932,197
林思彤77,http://www.bilibili.com/video/av296592203,0:30,-,5533778,1969
糖糖糖小鸣,http://www.bilibili.com/video/av603192240,1:12,-,1301270,108
酒醉思红衣,http://www.bilibili.com/video/av612967057,3:5,,133133,163
春藏愚,http://www.bilibili.com/video/av294112783,1:42,"BGM：溯

素材来源：《阿黛尔·雨果的故事》

哎呀呀 大美人演的这部电影最后结局是真的惨 但她也是真的美

谁能拒绝这么漂亮的美人啊",1468822,1173
看姑姑的课,http://www.bilibili.com/video/av656272770,1:11,-,208178,386
tutudiy,http://www.bilibili.com/video/av483602909,2:30,,305005,343
账号已注销,http://www.bilibili.com/video/av481112205,1:44,-,17383,2
leggings氮泵,http://www.bilibili.com/video/av996752203,7:0,儿童节快乐,39406,37
软软ya,http://www.bilibili.com/video/av655241674,0:12,-,541,0
tutudiy,http://www.bilibili.com/video/av399110178,3:2,,110647,178
Luffysamer,http://www.bilibili.com/video/av486908260,1:12,街拍 重庆 人来人往非常热闹，美女如云，个个貌美如花，青春靓丽,76959,86
悦乐剪辑,http://www.bilibili.com/video/av442596569,2:28,-,298342,123
看遍冷暖人生,http://www.bilibili.com/video/av783215409,4:17,美女尝鲜趴趴墙游戏，导致下体撕裂被缝14针，哭诉：上厕所都疼,162373,48
冬晟电影,http://www.bilibili.com/video/av356711628,1:35,-,77627,22
珍妮老师呀,http://www.bilibili.com/video/av527811968,0:11,-,147624,24
灯暗酒红,http://www.bilibili.com/video/av699126442,5:21,艾秋座右铭：活着本身就不是一件容易的事。隐藏自己22年，凡事不要对不起别人，更不要对不起自己。,71112,67
颜值预报圆,http://www.bilibili.com/video/av228578062,0:12,-,119446,7
落日君的故事,http://www.bilibili.com/video/av692919191,5:4,美女和丑女做相同事情，路人会有不同反应吗？最后一个测试也太狗了吧,3024771,4916
angel-AA,http://www.bilibili.com/video/av869233576,0:16,-,80926,2
刘昔昔昔,http://www.bilibili.com/video/av784108396,1:8,-,1967189,1213
橘子吃了没,http://www.bilibili.com/video/av556377273,0:18,-,1813210,683
善亮士天,http://www.bilibili.com/video/av685051807,2:14,,1000167,7
神烦说电影,http://www.bilibili.com/video/av698926824,1:44,为艺术献身的女星——孙安可 实在是太美 国产2021年高颜值惊悚精彩电影,178543,13
最人物纪账号,http://www.bilibili.com/video/av486138115,10:33,坐在头等舱休息室里享用免费的自助餐，拍卖会上有人殷勤地端茶倒水帮拍照，轻而易举地免费要到奢侈品店日常出售的手提袋……一位年轻貌美的女生画着精致的妆容，全身都是“名牌”，每天自由进出各大高档场所……看到这样一个形象，相信大多数人的第一反应都会认为这人肯定非富即贵。但现实情况不然，这是中央美术学院毕业生邹雅琦假扮“名媛”的21天生活纪实，她用亲身经历揭开了社会与人性的另一面。本期最人物纪就带您走进邹雅琦的“名媛”生活。,1370577,131
颜值爆表啦,http://www.bilibili.com/video/av848292664,1:41,"bgm：如果成为你
小姐姐叫高文君，98年安徽人，香港大学土木工程和人力资源管理双学位。重点来了，她还是去年亚洲小姐季军！这颜值和笑容真的绝了啊～
审核大大求推荐！",1761841,2005
南柯一影-怀三,http://www.bilibili.com/video/av778407053,9:18,电影解说《与我跳舞》,116592,150
嗨森带你涨见识,http://www.bilibili.com/video/av267380465,4:2,认识了一个比利时美女，她居然会说中文！（第一集）,335014,293
一只树奈奈啊,http://www.bilibili.com/video/av214820306,3:21,-,3747874,6068
收手机的凯莉,http://www.bilibili.com/video/av272225051,1:40,-,1097,0
孤单棉被,http://www.bilibili.com/video/av82850005,0:28,"微博
可以的话点个赞⑧_(:з」∠)_",5423424,976
国外赐福中单,http://www.bilibili.com/video/av826441158,2:6,-,56568,27
你人还怪好的捏-,http://www.bilibili.com/video/av997072679,3:41,-,69177,37
溟雨小朋友,http://www.bilibili.com/video/av739707745,0:17,-,478900,30
独居灵芊芊,http://www.bilibili.com/video/av699680875,1:11,-,1180,0
猫厂的梦人,http://www.bilibili.com/video/av954394649,1:12,"图片发布者：As D
BGM：无人可及

我用夸克网盘分享了「0604_1长发美女.rar1」，点击链接即可保存。
链接：https://pan.quark.cn/s/6c39f0c67c18
百度链接：https://pan.baidu.com/s/1Z6NyMLpMxR31t_J47xL4mw 
提取码：i7fu
解压密码：长发美女
两次解压密码都是一样的！提示密码错误的是解压软件问题！！！",19949,4
海外有点料,http://www.bilibili.com/video/av650487074,5:59,,351907,241
欢乐多er,http://www.bilibili.com/video/av526990455,9:38,这期是来自德国的小仙女，土耳其混血美女和俄罗斯的美女嗷！,1986300,2654
tutudiy,http://www.bilibili.com/video/av741109292,3:33,,161099,277
鸭漫漫,http://www.bilibili.com/video/av657226014,15:25,《偶像师兄》,1128,0
啊飞动漫社_收徒中,http://www.bilibili.com/video/av989449564,50:6,-,531505,1370
糖糖糖小鸣,http://www.bilibili.com/video/av603192240,1:12,-,1301270,108
一条冷知识,http://www.bilibili.com/video/av995836150,0:37,,218953,16
林思彤77,http://www.bilibili.com/video/av296592203,0:30,-,5533778,1969
CEO网红,http://www.bilibili.com/video/av356731564,1:5,-,172932,197
tutudiy,http://www.bilibili.com/video/av698657734,3:55,,296346,592
酒醉思红衣,http://www.bilibili.com/video/av612967057,3:5,,133133,163
春藏愚,http://www.bilibili.com/video/av294112783,1:42,"BGM：溯

素材来源：《阿黛尔·雨果的故事》

哎呀呀 大美人演的这部电影最后结局是真的惨 但她也是真的美

谁能拒绝这么漂亮的美人啊",1468822,1173
看姑姑的课,http://www.bilibili.com/video/av656272770,1:11,-,208178,386
tutudiy,http://www.bilibili.com/video/av483602909,2:30,,305005,343
不会开车D老司机,http://www.bilibili.com/video/av399275421,2:52,-,78437,190
霜天亦是霜降,http://www.bilibili.com/video/av529325922,0:37,-,43330,9
CR_冥之守望,http://www.bilibili.com/video/av657124285,6:15,小娜比Nabby,54023,12
泪为你流34,http://www.bilibili.com/video/av559829024,1:48,,1317363,189
传说星空下,http://www.bilibili.com/video/av780794514,3:5,-,327534,388
两只二哈的老大,http://www.bilibili.com/video/av486888062,4:30,,16133,25
欧欧聊竞技风云,http://www.bilibili.com/video/av571680594,1:48,WWE美女赤裸瘫倒在地，到底发生了什么,45657,26
美羊羊爱剪辑,http://www.bilibili.com/video/av995062065,0:45,-,383316,77
啊飞动漫社_收徒中,http://www.bilibili.com/video/av989449564,50:6,-,531505,1370
最人物纪账号,http://www.bilibili.com/video/av486138115,10:33,坐在头等舱休息室里享用免费的自助餐，拍卖会上有人殷勤地端茶倒水帮拍照，轻而易举地免费要到奢侈品店日常出售的手提袋……一位年轻貌美的女生画着精致的妆容，全身都是“名牌”，每天自由进出各大高档场所……看到这样一个形象，相信大多数人的第一反应都会认为这人肯定非富即贵。但现实情况不然，这是中央美术学院毕业生邹雅琦假扮“名媛”的21天生活纪实，她用亲身经历揭开了社会与人性的另一面。本期最人物纪就带您走进邹雅琦的“名媛”生活。,1370577,131
瓜呱说娱,http://www.bilibili.com/video/av653702145,2:56,萌娃逛超市偶遇美女姐姐穿丝袜，好奇端详后蹲下抚摸，周围人爆笑,311664,56
妗东,http://www.bilibili.com/video/av523535821,2:39,-,888,2
雨夜看剧,http://www.bilibili.com/video/av271583038,7:59,-,49291,4
正经的东东,http://www.bilibili.com/video/av997232625,54:50,-,91,0
洛丽塔大哥lolita,http://www.bilibili.com/video/av908080694,2:17,-,497966,417
Anzyl颜之有理,http://www.bilibili.com/video/av781863905,1:2,你也很好看！,178536,116
奋斗的MR雅量,http://www.bilibili.com/video/av443876106,0:56,-,44729,18
tutudiy,http://www.bilibili.com/video/av613444358,3:20,,127713,194
旺仔有内涵,http://www.bilibili.com/video/av867392801,1:35,-,1386649,479
小博不得了,http://www.bilibili.com/video/av269862164,1:35,-,956167,183
嗨森带你涨见识,http://www.bilibili.com/video/av267380465,4:2,认识了一个比利时美女，她居然会说中文！（第一集）,335014,293
阿P漫谈,http://www.bilibili.com/video/av357134128,233:36,,730,0
美蛙脸脸,http://www.bilibili.com/video/av563092961,1:12,,3475885,76
娱乐扒妹,http://www.bilibili.com/video/av741109203,3:2,海归美女惨遭邻居奸杀分尸，凶手：长得实在是太漂亮了！,72955,32
账号已注销,http://www.bilibili.com/video/av226507249,1:45,-,655869,148
小马团黑子,http://www.bilibili.com/video/av779459257,6:26,,370907,371
灰咕娘-灰风字幕组,http://www.bilibili.com/video/av485696487,2:23,"https://www.youtube.com/watch?v=MxsZdiSF_0A
原标题：巨乳美女と突然体が入れ替わったらどうなるのか？【アニメ】【漫画動画】
翻译、时轴、封面：NoiR",101703,31
峰哥男女大学堂,http://www.bilibili.com/video/av869313668,13:29,,29479,123
绝世容颜馆,http://www.bilibili.com/video/av904744122,2:35,,4940024,3795
嗨森带你涨见识,http://www.bilibili.com/video/av479659349,14:56,我在土耳其伊斯坦堡认识的第一个美女，她居然主动提出……,2482944,4785
一天到晚游泳的娱,http://www.bilibili.com/video/av656427230,0:30,少看一眼都是损失！换我我也忍不住多看两眼！#美女#路人视角,214935,36
哥谭の杰罗姆,http://www.bilibili.com/video/av911562991,5:2,-,55498,9
CZY吗,http://www.bilibili.com/video/av264841557,1:48,bgm：Fantasy-吴可儿,465179,295
聆听雨细声,http://www.bilibili.com/video/av559338086,1:32,,581765,387
爱沉默在深秋,http://www.bilibili.com/video/av860261930,1:19,,2304594,160
新氧美学院,http://www.bilibili.com/video/av513507979,1:32,救命稻草还是杀伤武器，口罩到底会封印颜值还是提升颜值？,1797983,76
霞撩视频,http://www.bilibili.com/video/av858284545,6:24,,975078,310
托马斯家的,http://www.bilibili.com/video/av858010991,7:46,久违的长视频终于来啦~喜欢看的话就要多多点赞哦~,1869113,3636
外国女友,http://www.bilibili.com/video/av292628187,1:40,视频搬运自互联网,3389567,1779
骑着猪去游泳,http://www.bilibili.com/video/av56870912,1:8,-,4250603,959
tutudiy,http://www.bilibili.com/video/av313048989,3:12,,187566,130
不正经学姐g,http://www.bilibili.com/video/av656202873,0:46,女生和男生，看到美女的区别！,138882,19
tutudiy,http://www.bilibili.com/video/av399110178,3:2,,110647,178
Luffysamer,http://www.bilibili.com/video/av486908260,1:12,街拍 重庆 人来人往非常热闹，美女如云，个个貌美如花，青春靓丽,76959,86
悦乐剪辑,http://www.bilibili.com/video/av442596569,2:28,-,298342,123
看遍冷暖人生,http://www.bilibili.com/video/av783215409,4:17,美女尝鲜趴趴墙游戏，导致下体撕裂被缝14针，哭诉：上厕所都疼,162373,48
冬晟电影,http://www.bilibili.com/video/av356711628,1:35,-,77627,22
珍妮老师呀,http://www.bilibili.com/video/av527811968,0:11,-,147624,24
颜值预报圆,http://www.bilibili.com/video/av228578062,0:12,-,119446,7
落日君的故事,http://www.bilibili.com/video/av692919191,5:4,美女和丑女做相同事情，路人会有不同反应吗？最后一个测试也太狗了吧,3024771,4916
灯暗酒红,http://www.bilibili.com/video/av699126442,5:21,艾秋座右铭：活着本身就不是一件容易的事。隐藏自己22年，凡事不要对不起别人，更不要对不起自己。,71112,67
angel-AA,http://www.bilibili.com/video/av869233576,0:16,-,80926,2
刘昔昔昔,http://www.bilibili.com/video/av784108396,1:8,-,1967189,1213
橘子吃了没,http://www.bilibili.com/video/av556377273,0:18,-,1813210,683
最人物纪账号,http://www.bilibili.com/video/av486138115,10:33,坐在头等舱休息室里享用免费的自助餐，拍卖会上有人殷勤地端茶倒水帮拍照，轻而易举地免费要到奢侈品店日常出售的手提袋……一位年轻貌美的女生画着精致的妆容，全身都是“名牌”，每天自由进出各大高档场所……看到这样一个形象，相信大多数人的第一反应都会认为这人肯定非富即贵。但现实情况不然，这是中央美术学院毕业生邹雅琦假扮“名媛”的21天生活纪实，她用亲身经历揭开了社会与人性的另一面。本期最人物纪就带您走进邹雅琦的“名媛”生活。,1370577,131
善亮士天,http://www.bilibili.com/video/av685051807,2:14,,1000167,7
神烦说电影,http://www.bilibili.com/video/av698926824,1:44,为艺术献身的女星——孙安可 实在是太美 国产2021年高颜值惊悚精彩电影,178543,13
颜值爆表啦,http://www.bilibili.com/video/av848292664,1:41,"bgm：如果成为你
小姐姐叫高文君，98年安徽人，香港大学土木工程和人力资源管理双学位。重点来了，她还是去年亚洲小姐季军！这颜值和笑容真的绝了啊～
审核大大求推荐！",1761841,2005
一只树奈奈啊,http://www.bilibili.com/video/av214820306,3:21,-,3747874,6068
南柯一影-怀三,http://www.bilibili.com/video/av778407053,9:18,电影解说《与我跳舞》,116592,150
嗨森带你涨见识,http://www.bilibili.com/video/av267380465,4:2,认识了一个比利时美女，她居然会说中文！（第一集）,335014,293
收手机的凯莉,http://www.bilibili.com/video/av272225051,1:40,-,1097,0
孤单棉被,http://www.bilibili.com/video/av82850005,0:28,"微博
可以的话点个赞⑧_(:з」∠)_",5423424,976
国外赐福中单,http://www.bilibili.com/video/av826441158,2:6,-,56568,27
你人还怪好的捏-,http://www.bilibili.com/video/av997072679,3:41,-,69177,37
溟雨小朋友,http://www.bilibili.com/video/av739707745,0:17,-,478900,30
tutudiy,http://www.bilibili.com/video/av698657734,3:55,,296346,592
猫厂的梦人,http://www.bilibili.com/video/av954394649,1:12,"图片发布者：As D
BGM：无人可及

我用夸克网盘分享了「0604_1长发美女.rar1」，点击链接即可保存。
链接：https://pan.quark.cn/s/6c39f0c67c18
百度链接：https://pan.baidu.com/s/1Z6NyMLpMxR31t_J47xL4mw 
提取码：i7fu
解压密码：长发美女
两次解压密码都是一样的！提示密码错误的是解压软件问题！！！",19949,4
海外有点料,http://www.bilibili.com/video/av650487074,5:59,,351907,241
欢乐多er,http://www.bilibili.com/video/av526990455,9:38,这期是来自德国的小仙女，土耳其混血美女和俄罗斯的美女嗷！,1986300,2654
tutudiy,http://www.bilibili.com/video/av741109292,3:33,,161099,277
鸭漫漫,http://www.bilibili.com/video/av657226014,15:25,《偶像师兄》,1128,0
啊飞动漫社_收徒中,http://www.bilibili.com/video/av989449564,50:6,-,531505,1370
糖糖糖小鸣,http://www.bilibili.com/video/av603192240,1:12,-,1301270,108
一条冷知识,http://www.bilibili.com/video/av995836150,0:37,,218953,16
CEO网红,http://www.bilibili.com/video/av356731564,1:5,-,172932,197
林思彤77,http://www.bilibili.com/video/av296592203,0:30,-,5533778,1969
酒醉思红衣,http://www.bilibili.com/video/av612967057,3:5,,133133,163
春藏愚,http://www.bilibili.com/video/av294112783,1:42,"BGM：溯

素材来源：《阿黛尔·雨果的故事》

哎呀呀 大美人演的这部电影最后结局是真的惨 但她也是真的美

谁能拒绝这么漂亮的美人啊",1468822,1173
看姑姑的课,http://www.bilibili.com/video/av656272770,1:11,-,208178,386
tutudiy,http://www.bilibili.com/video/av483602909,2:30,,305005,343
左岸P图,http://www.bilibili.com/video/av473124869,0:33,p图前后女生的变化,1914123,1039
骑着猪去游泳,http://www.bilibili.com/video/av56870912,1:8,-,4250603,959
Anzyl颜之有理,http://www.bilibili.com/video/av781863905,1:2,你也很好看！,178536,116
软软ya,http://www.bilibili.com/video/av655241674,0:12,-,541,0
tutudiy,http://www.bilibili.com/video/av399110178,3:2,,110647,178
Luffysamer,http://www.bilibili.com/video/av486908260,1:12,街拍 重庆 人来人往非常热闹，美女如云，个个貌美如花，青春靓丽,76959,86
悦乐剪辑,http://www.bilibili.com/video/av442596569,2:28,-,298342,123
看遍冷暖人生,http://www.bilibili.com/video/av783215409,4:17,美女尝鲜趴趴墙游戏，导致下体撕裂被缝14针，哭诉：上厕所都疼,162373,48
冬晟电影,http://www.bilibili.com/video/av356711628,1:35,-,77627,22
珍妮老师呀,http://www.bilibili.com/video/av527811968,0:11,-,147624,24
灯暗酒红,http://www.bilibili.com/video/av699126442,5:21,艾秋座右铭：活着本身就不是一件容易的事。隐藏自己22年，凡事不要对不起别人，更不要对不起自己。,71112,67
颜值预报圆,http://www.bilibili.com/video/av228578062,0:12,-,119446,7
落日君的故事,http://www.bilibili.com/video/av692919191,5:4,美女和丑女做相同事情，路人会有不同反应吗？最后一个测试也太狗了吧,3024771,4916
angel-AA,http://www.bilibili.com/video/av869233576,0:16,-,80926,2
刘昔昔昔,http://www.bilibili.com/video/av784108396,1:8,-,1967189,1213
橘子吃了没,http://www.bilibili.com/video/av556377273,0:18,-,1813210,683
善亮士天,http://www.bilibili.com/video/av685051807,2:14,,1000167,7
神烦说电影,http://www.bilibili.com/video/av698926824,1:44,为艺术献身的女星——孙安可 实在是太美 国产2021年高颜值惊悚精彩电影,178543,13
最人物纪账号,http://www.bilibili.com/video/av486138115,10:33,坐在头等舱休息室里享用免费的自助餐，拍卖会上有人殷勤地端茶倒水帮拍照，轻而易举地免费要到奢侈品店日常出售的手提袋……一位年轻貌美的女生画着精致的妆容，全身都是“名牌”，每天自由进出各大高档场所……看到这样一个形象，相信大多数人的第一反应都会认为这人肯定非富即贵。但现实情况不然，这是中央美术学院毕业生邹雅琦假扮“名媛”的21天生活纪实，她用亲身经历揭开了社会与人性的另一面。本期最人物纪就带您走进邹雅琦的“名媛”生活。,1370577,131
颜值爆表啦,http://www.bilibili.com/video/av848292664,1:41,"bgm：如果成为你
小姐姐叫高文君，98年安徽人，香港大学土木工程和人力资源管理双学位。重点来了，她还是去年亚洲小姐季军！这颜值和笑容真的绝了啊～
审核大大求推荐！",1761841,2005
南柯一影-怀三,http://www.bilibili.com/video/av778407053,9:18,电影解说《与我跳舞》,116592,150
嗨森带你涨见识,http://www.bilibili.com/video/av267380465,4:2,认识了一个比利时美女，她居然会说中文！（第一集）,335014,293
一只树奈奈啊,http://www.bilibili.com/video/av214820306,3:21,-,3747874,6068
收手机的凯莉,http://www.bilibili.com/video/av272225051,1:40,-,1097,0
孤单棉被,http://www.bilibili.com/video/av82850005,0:28,"微博
可以的话点个赞⑧_(:з」∠)_",5423424,976
国外赐福中单,http://www.bilibili.com/video/av826441158,2:6,-,56568,27
你人还怪好的捏-,http://www.bilibili.com/video/av997072679,3:41,-,69177,37
溟雨小朋友,http://www.bilibili.com/video/av739707745,0:17,-,478900,30
独居灵芊芊,http://www.bilibili.com/video/av699680875,1:11,-,1180,0
猫厂的梦人,http://www.bilibili.com/video/av954394649,1:12,"图片发布者：As D
BGM：无人可及

我用夸克网盘分享了「0604_1长发美女.rar1」，点击链接即可保存。
链接：https://pan.quark.cn/s/6c39f0c67c18
百度链接：https://pan.baidu.com/s/1Z6NyMLpMxR31t_J47xL4mw 
提取码：i7fu
解压密码：长发美女
两次解压密码都是一样的！提示密码错误的是解压软件问题！！！",19949,4
海外有点料,http://www.bilibili.com/video/av650487074,5:59,,351907,241
欢乐多er,http://www.bilibili.com/video/av526990455,9:38,这期是来自德国的小仙女，土耳其混血美女和俄罗斯的美女嗷！,1986300,2654
tutudiy,http://www.bilibili.com/video/av741109292,3:33,,161099,277
鸭漫漫,http://www.bilibili.com/video/av657226014,15:25,《偶像师兄》,1128,0
啊飞动漫社_收徒中,http://www.bilibili.com/video/av989449564,50:6,-,531505,1370
糖糖糖小鸣,http://www.bilibili.com/video/av603192240,1:12,-,1301270,108
一条冷知识,http://www.bilibili.com/video/av995836150,0:37,,218953,16
林思彤77,http://www.bilibili.com/video/av296592203,0:30,-,5533778,1969
CEO网红,http://www.bilibili.com/video/av356731564,1:5,-,172932,197
tutudiy,http://www.bilibili.com/video/av698657734,3:55,,296346,592
酒醉思红衣,http://www.bilibili.com/video/av612967057,3:5,,133133,163
春藏愚,http://www.bilibili.com/video/av294112783,1:42,"BGM：溯

素材来源：《阿黛尔·雨果的故事》

哎呀呀 大美人演的这部电影最后结局是真的惨 但她也是真的美

谁能拒绝这么漂亮的美人啊",1468822,1173
看姑姑的课,http://www.bilibili.com/video/av656272770,1:11,-,208178,386
tutudiy,http://www.bilibili.com/video/av483602909,2:30,,305005,343
左岸P图,http://www.bilibili.com/video/av473124869,0:33,p图前后女生的变化,1914123,1039
哥谭の杰罗姆,http://www.bilibili.com/video/av911562991,5:2,-,55498,9
leggings氮泵,http://www.bilibili.com/video/av996752203,7:0,儿童节快乐,39406,37
软软ya,http://www.bilibili.com/video/av655241674,0:12,-,541,0
tutudiy,http://www.bilibili.com/video/av399110178,3:2,,110647,178
Luffysamer,http://www.bilibili.com/video/av486908260,1:12,街拍 重庆 人来人往非常热闹，美女如云，个个貌美如花，青春靓丽,76959,86
悦乐剪辑,http://www.bilibili.com/video/av442596569,2:28,-,298342,123
看遍冷暖人生,http://www.bilibili.com/video/av783215409,4:17,美女尝鲜趴趴墙游戏，导致下体撕裂被缝14针，哭诉：上厕所都疼,162373,48
冬晟电影,http://www.bilibili.com/video/av356711628,1:35,-,77627,22
珍妮老师呀,http://www.bilibili.com/video/av527811968,0:11,-,147624,24
颜值预报圆,http://www.bilibili.com/video/av228578062,0:12,-,119446,7
颜值爆表啦,http://www.bilibili.com/video/av848292664,1:41,"bgm：如果成为你
小姐姐叫高文君，98年安徽人，香港大学土木工程和人力资源管理双学位。重点来了，她还是去年亚洲小姐季军！这颜值和笑容真的绝了啊～
审核大大求推荐！",1761841,2005
落日君的故事,http://www.bilibili.com/video/av692919191,5:4,美女和丑女做相同事情，路人会有不同反应吗？最后一个测试也太狗了吧,3024771,4916
灯暗酒红,http://www.bilibili.com/video/av699126442,5:21,艾秋座右铭：活着本身就不是一件容易的事。隐藏自己22年，凡事不要对不起别人，更不要对不起自己。,71112,67
嗨森带你涨见识,http://www.bilibili.com/video/av267380465,4:2,认识了一个比利时美女，她居然会说中文！（第一集）,335014,293
angel-AA,http://www.bilibili.com/video/av869233576,0:16,-,80926,2
刘昔昔昔,http://www.bilibili.com/video/av784108396,1:8,-,1967279,1213
橘子吃了没,http://www.bilibili.com/video/av556377273,0:18,-,1813210,683
收手机的凯莉,http://www.bilibili.com/video/av272225051,1:40,-,1097,0
最人物纪账号,http://www.bilibili.com/video/av486138115,10:33,坐在头等舱休息室里享用免费的自助餐，拍卖会上有人殷勤地端茶倒水帮拍照，轻而易举地免费要到奢侈品店日常出售的手提袋……一位年轻貌美的女生画着精致的妆容，全身都是“名牌”，每天自由进出各大高档场所……看到这样一个形象，相信大多数人的第一反应都会认为这人肯定非富即贵。但现实情况不然，这是中央美术学院毕业生邹雅琦假扮“名媛”的21天生活纪实，她用亲身经历揭开了社会与人性的另一面。本期最人物纪就带您走进邹雅琦的“名媛”生活。,1370577,131
善亮士天,http://www.bilibili.com/video/av685051807,2:14,,1000167,7
神烦说电影,http://www.bilibili.com/video/av698926824,1:44,为艺术献身的女星——孙安可 实在是太美 国产2021年高颜值惊悚精彩电影,178543,13
一只树奈奈啊,http://www.bilibili.com/video/av214820306,3:21,-,3747874,6068
南柯一影-怀三,http://www.bilibili.com/video/av778407053,9:18,电影解说《与我跳舞》,116592,150
tutudiy,http://www.bilibili.com/video/av741109292,3:33,,161099,277
孤单棉被,http://www.bilibili.com/video/av82850005,0:28,"微博
可以的话点个赞⑧_(:з」∠)_",5423424,976
国外赐福中单,http://www.bilibili.com/video/av826441158,2:6,-,56568,27
独居灵芊芊,http://www.bilibili.com/video/av699680875,1:11,-,1180,0
tutudiy,http://www.bilibili.com/video/av698657734,3:55,,296346,592
溟雨小朋友,http://www.bilibili.com/video/av739707745,0:17,-,478900,30
猫厂的梦人,http://www.bilibili.com/video/av954394649,1:12,"图片发布者：As D
BGM：无人可及

我用夸克网盘分享了「0604_1长发美女.rar1」，点击链接即可保存。
链接：https://pan.quark.cn/s/6c39f0c67c18
百度链接：https://pan.baidu.com/s/1Z6NyMLpMxR31t_J47xL4mw 
提取码：i7fu
解压密码：长发美女
两次解压密码都是一样的！提示密码错误的是解压软件问题！！！",19949,4
海外有点料,http://www.bilibili.com/video/av650487074,5:59,,351907,241
欢乐多er,http://www.bilibili.com/video/av526990455,9:38,这期是来自德国的小仙女，土耳其混血美女和俄罗斯的美女嗷！,1986300,2654
鸭漫漫,http://www.bilibili.com/video/av657226014,15:25,《偶像师兄》,1128,0
啊飞动漫社_收徒中,http://www.bilibili.com/video/av989449564,50:6,-,531505,1370
一条冷知识,http://www.bilibili.com/video/av995836150,0:37,,218953,16
CEO网红,http://www.bilibili.com/video/av356731564,1:5,-,172932,197
林思彤77,http://www.bilibili.com/video/av296592203,0:30,-,5533778,1969
糖糖糖小鸣,http://www.bilibili.com/video/av603192240,1:12,-,1301270,108
酒醉思红衣,http://www.bilibili.com/video/av612967057,3:5,,133133,163
春藏愚,http://www.bilibili.com/video/av294112783,1:42,"BGM：溯

素材来源：《阿黛尔·雨果的故事》

哎呀呀 大美人演的这部电影最后结局是真的惨 但她也是真的美

谁能拒绝这么漂亮的美人啊",1468822,1173
看姑姑的课,http://www.bilibili.com/video/av656272770,1:11,-,208178,386
tutudiy,http://www.bilibili.com/video/av483602909,2:30,,305005,343
软软ya,http://www.bilibili.com/video/av655241674,0:12,-,541,0
tutudiy,http://www.bilibili.com/video/av399110178,3:2,,110647,178
悦乐剪辑,http://www.bilibili.com/video/av442596569,2:28,-,298342,123
Luffysamer,http://www.bilibili.com/video/av486908260,1:12,街拍 重庆 人来人往非常热闹，美女如云，个个貌美如花，青春靓丽,76959,86
看遍冷暖人生,http://www.bilibili.com/video/av783215409,4:17,美女尝鲜趴趴墙游戏，导致下体撕裂被缝14针，哭诉：上厕所都疼,162373,48
冬晟电影,http://www.bilibili.com/video/av356711628,1:35,-,77627,22
珍妮老师呀,http://www.bilibili.com/video/av527811968,0:11,-,147624,24
灯暗酒红,http://www.bilibili.com/video/av699126442,5:21,艾秋座右铭：活着本身就不是一件容易的事。隐藏自己22年，凡事不要对不起别人，更不要对不起自己。,71112,67
颜值预报圆,http://www.bilibili.com/video/av228578062,0:12,-,119446,7
落日君的故事,http://www.bilibili.com/video/av692919191,5:4,美女和丑女做相同事情，路人会有不同反应吗？最后一个测试也太狗了吧,3024771,4916
angel-AA,http://www.bilibili.com/video/av869233576,0:16,-,80926,2
刘昔昔昔,http://www.bilibili.com/video/av784108396,1:8,-,1967279,1213
橘子吃了没,http://www.bilibili.com/video/av556377273,0:18,-,1813210,683
善亮士天,http://www.bilibili.com/video/av685051807,2:14,,1000167,7
神烦说电影,http://www.bilibili.com/video/av698926824,1:44,为艺术献身的女星——孙安可 实在是太美 国产2021年高颜值惊悚精彩电影,178543,13
最人物纪账号,http://www.bilibili.com/video/av486138115,10:33,坐在头等舱休息室里享用免费的自助餐，拍卖会上有人殷勤地端茶倒水帮拍照，轻而易举地免费要到奢侈品店日常出售的手提袋……一位年轻貌美的女生画着精致的妆容，全身都是“名牌”，每天自由进出各大高档场所……看到这样一个形象，相信大多数人的第一反应都会认为这人肯定非富即贵。但现实情况不然，这是中央美术学院毕业生邹雅琦假扮“名媛”的21天生活纪实，她用亲身经历揭开了社会与人性的另一面。本期最人物纪就带您走进邹雅琦的“名媛”生活。,1370577,131
颜值爆表啦,http://www.bilibili.com/video/av848292664,1:41,"bgm：如果成为你
小姐姐叫高文君，98年安徽人，香港大学土木工程和人力资源管理双学位。重点来了，她还是去年亚洲小姐季军！这颜值和笑容真的绝了啊～
审核大大求推荐！",1761841,2005
南柯一影-怀三,http://www.bilibili.com/video/av778407053,9:18,电影解说《与我跳舞》,116592,150
嗨森带你涨见识,http://www.bilibili.com/video/av267380465,4:2,认识了一个比利时美女，她居然会说中文！（第一集）,335014,293
一只树奈奈啊,http://www.bilibili.com/video/av214820306,3:21,-,3747874,6068
收手机的凯莉,http://www.bilibili.com/video/av272225051,1:40,-,1097,0
孤单棉被,http://www.bilibili.com/video/av82850005,0:28,"微博
可以的话点个赞⑧_(:з」∠)_",5423424,976
国外赐福中单,http://www.bilibili.com/video/av826441158,2:6,-,56568,27
独居灵芊芊,http://www.bilibili.com/video/av699680875,1:11,-,1180,0
你人还怪好的捏-,http://www.bilibili.com/video/av997072679,3:41,-,69177,37
溟雨小朋友,http://www.bilibili.com/video/av739707745,0:17,-,478900,30
海外有点料,http://www.bilibili.com/video/av650487074,5:59,,351907,241
欢乐多er,http://www.bilibili.com/video/av526990455,9:38,这期是来自德国的小仙女，土耳其混血美女和俄罗斯的美女嗷！,1986300,2654
猫厂的梦人,http://www.bilibili.com/video/av954394649,1:12,"图片发布者：As D
BGM：无人可及

我用夸克网盘分享了「0604_1长发美女.rar1」，点击链接即可保存。
链接：https://pan.quark.cn/s/6c39f0c67c18
百度链接：https://pan.baidu.com/s/1Z6NyMLpMxR31t_J47xL4mw 
提取码：i7fu
解压密码：长发美女
两次解压密码都是一样的！提示密码错误的是解压软件问题！！！",19949,4
tutudiy,http://www.bilibili.com/video/av741109292,3:33,,161099,277
鸭漫漫,http://www.bilibili.com/video/av657226014,15:25,《偶像师兄》,1128,0
啊飞动漫社_收徒中,http://www.bilibili.com/video/av989449564,50:6,-,531505,1370
糖糖糖小鸣,http://www.bilibili.com/video/av603192240,1:12,-,1301270,108
一条冷知识,http://www.bilibili.com/video/av995836150,0:37,,218953,16
林思彤77,http://www.bilibili.com/video/av296592203,0:30,-,5533778,1969
CEO网红,http://www.bilibili.com/video/av356731564,1:5,-,172932,197
tutudiy,http://www.bilibili.com/video/av698657734,3:55,,296346,592
酒醉思红衣,http://www.bilibili.com/video/av612967057,3:5,,133133,163
春藏愚,http://www.bilibili.com/video/av294112783,1:42,"BGM：溯

素材来源：《阿黛尔·雨果的故事》

哎呀呀 大美人演的这部电影最后结局是真的惨 但她也是真的美

谁能拒绝这么漂亮的美人啊",1468822,1173
看姑姑的课,http://www.bilibili.com/video/av656272770,1:11,-,208178,386
tutudiy,http://www.bilibili.com/video/av483602909,2:30,,305005,343
账号已注销,http://www.bilibili.com/video/av481112205,1:44,-,17383,2
